{
  "Resources": {
    "COGNITOWORKFLOWTRIGGERSGATEWAY5374D12E": {
      "Type": "AWS::ApiGateway::RestApi",
      "Properties": {
        "Name": "COGNITO-WORKFLOW-TRIGGERS-GATEWAY"
      },
      "Metadata": {
        "aws:cdk:path": "CognitoWorkflowTriggers/COGNITO-WORKFLOW-TRIGGERS-GATEWAY/Resource"
      }
    },
    "COGNITOWORKFLOWTRIGGERSGATEWAYCloudWatchRoleE5BDE935": {
      "Type": "AWS::IAM::Role",
      "Properties": {
        "AssumeRolePolicyDocument": {
          "Statement": [
            {
              "Action": "sts:AssumeRole",
              "Effect": "Allow",
              "Principal": {
                "Service": "apigateway.amazonaws.com"
              }
            }
          ],
          "Version": "2012-10-17"
        },
        "ManagedPolicyArns": [
          {
            "Fn::Join": [
              "",
              [
                "arn:",
                {
                  "Ref": "AWS::Partition"
                },
                ":iam::aws:policy/service-role/AmazonAPIGatewayPushToCloudWatchLogs"
              ]
            ]
          }
        ]
      },
      "Metadata": {
        "aws:cdk:path": "CognitoWorkflowTriggers/COGNITO-WORKFLOW-TRIGGERS-GATEWAY/CloudWatchRole/Resource"
      }
    },
    "COGNITOWORKFLOWTRIGGERSGATEWAYAccountB0CFEC4A": {
      "Type": "AWS::ApiGateway::Account",
      "Properties": {
        "CloudWatchRoleArn": {
          "Fn::GetAtt": [
            "COGNITOWORKFLOWTRIGGERSGATEWAYCloudWatchRoleE5BDE935",
            "Arn"
          ]
        }
      },
      "DependsOn": [
        "COGNITOWORKFLOWTRIGGERSGATEWAY5374D12E"
      ],
      "Metadata": {
        "aws:cdk:path": "CognitoWorkflowTriggers/COGNITO-WORKFLOW-TRIGGERS-GATEWAY/Account"
      }
    },
    "COGNITOWORKFLOWTRIGGERSGATEWAYGET0CDD34C9": {
      "Type": "AWS::ApiGateway::Method",
      "Properties": {
        "HttpMethod": "GET",
        "ResourceId": {
          "Fn::GetAtt": [
            "COGNITOWORKFLOWTRIGGERSGATEWAY5374D12E",
            "RootResourceId"
          ]
        },
        "RestApiId": {
          "Ref": "COGNITOWORKFLOWTRIGGERSGATEWAY5374D12E"
        },
        "AuthorizationType": "NONE",
        "Integration": {
          "Type": "MOCK"
        }
      },
      "Metadata": {
        "aws:cdk:path": "CognitoWorkflowTriggers/COGNITO-WORKFLOW-TRIGGERS-GATEWAY/Default/GET/Resource"
      }
    }
  },
  "Outputs": {
    "restApiId": {
      "Value": {
        "Ref": "COGNITOWORKFLOWTRIGGERSGATEWAY5374D12E"
      },
      "Export": {
        "Name": "COGNITO-WORKFLOW-TRIGGERS-restApiId"
      }
    },
    "restApiRootResourceId": {
      "Value": {
        "Fn::GetAtt": [
          "COGNITOWORKFLOWTRIGGERSGATEWAY5374D12E",
          "RootResourceId"
        ]
      },
      "Export": {
        "Name": "COGNITO-WORKFLOW-TRIGGERS-restApiRootResourceId"
      }
    }
  }
}