{
  "version": "tree-0.1",
  "tree": {
    "id": "App",
    "path": "",
    "children": {
      "Tree": {
        "id": "Tree",
        "path": "Tree"
      },
      "CognitoWorkflowTriggers": {
        "id": "CognitoWorkflowTriggers",
        "path": "CognitoWorkflowTriggers",
        "children": {
          "COGNITO-WORKFLOW-TRIGGERS-GATEWAY": {
            "id": "COGNITO-WORKFLOW-TRIGGERS-GATEWAY",
            "path": "CognitoWorkflowTriggers/COGNITO-WORKFLOW-TRIGGERS-GATEWAY",
            "children": {
              "Resource": {
                "id": "Resource",
                "path": "CognitoWorkflowTriggers/COGNITO-WORKFLOW-TRIGGERS-GATEWAY/Resource",
                "attributes": {
                  "aws:cdk:cloudformation:type": "AWS::ApiGateway::RestApi",
                  "aws:cdk:cloudformation:props": {
                    "name": "COGNITO-WORKFLOW-TRIGGERS-GATEWAY"
                  }
                }
              },
              "CloudWatchRole": {
                "id": "CloudWatchRole",
                "path": "CognitoWorkflowTriggers/COGNITO-WORKFLOW-TRIGGERS-GATEWAY/CloudWatchRole",
                "children": {
                  "Resource": {
                    "id": "Resource",
                    "path": "CognitoWorkflowTriggers/COGNITO-WORKFLOW-TRIGGERS-GATEWAY/CloudWatchRole/Resource",
                    "attributes": {
                      "aws:cdk:cloudformation:type": "AWS::IAM::Role",
                      "aws:cdk:cloudformation:props": {
                        "assumeRolePolicyDocument": {
                          "Statement": [
                            {
                              "Action": "sts:AssumeRole",
                              "Effect": "Allow",
                              "Principal": {
                                "Service": "apigateway.amazonaws.com"
                              }
                            }
                          ],
                          "Version": "2012-10-17"
                        },
                        "managedPolicyArns": [
                          {
                            "Fn::Join": [
                              "",
                              [
                                "arn:",
                                {
                                  "Ref": "AWS::Partition"
                                },
                                ":iam::aws:policy/service-role/AmazonAPIGatewayPushToCloudWatchLogs"
                              ]
                            ]
                          }
                        ]
                      }
                    }
                  }
                }
              },
              "Account": {
                "id": "Account",
                "path": "CognitoWorkflowTriggers/COGNITO-WORKFLOW-TRIGGERS-GATEWAY/Account",
                "attributes": {
                  "aws:cdk:cloudformation:type": "AWS::ApiGateway::Account",
                  "aws:cdk:cloudformation:props": {
                    "cloudWatchRoleArn": {
                      "Fn::GetAtt": [
                        "COGNITOWORKFLOWTRIGGERSGATEWAYCloudWatchRoleE5BDE935",
                        "Arn"
                      ]
                    }
                  }
                }
              },
              "Default": {
                "id": "Default",
                "path": "CognitoWorkflowTriggers/COGNITO-WORKFLOW-TRIGGERS-GATEWAY/Default",
                "children": {
                  "GET": {
                    "id": "GET",
                    "path": "CognitoWorkflowTriggers/COGNITO-WORKFLOW-TRIGGERS-GATEWAY/Default/GET",
                    "children": {
                      "Resource": {
                        "id": "Resource",
                        "path": "CognitoWorkflowTriggers/COGNITO-WORKFLOW-TRIGGERS-GATEWAY/Default/GET/Resource",
                        "attributes": {
                          "aws:cdk:cloudformation:type": "AWS::ApiGateway::Method",
                          "aws:cdk:cloudformation:props": {
                            "httpMethod": "GET",
                            "resourceId": {
                              "Fn::GetAtt": [
                                "COGNITOWORKFLOWTRIGGERSGATEWAY5374D12E",
                                "RootResourceId"
                              ]
                            },
                            "restApiId": {
                              "Ref": "COGNITOWORKFLOWTRIGGERSGATEWAY5374D12E"
                            },
                            "authorizationType": "NONE",
                            "integration": {
                              "type": "MOCK"
                            }
                          }
                        }
                      }
                    }
                  }
                }
              }
            }
          },
          "restApiId": {
            "id": "restApiId",
            "path": "CognitoWorkflowTriggers/restApiId"
          },
          "restApiRootResourceId": {
            "id": "restApiRootResourceId",
            "path": "CognitoWorkflowTriggers/restApiRootResourceId"
          }
        }
      }
    }
  }
}